<?xml version="1.0" encoding="UTF-8"?>
<?mso-application progid="Excel.Sheet"?>
<Workbook xmlns="urn:schemas-microsoft-com:office:spreadsheet"
xmlns:o="urn:schemas-microsoft-com:office:office"
xmlns:x="urn:schemas-microsoft-com:office:excel"
xmlns:ss="urn:schemas-microsoft-com:office:spreadsheet"
xmlns:html="http://www.w3.org/TR/REC-html40">
<Worksheet ss:Name="Table1">
	<Table>
		<Column ss:Index="2" ss:AutoFitWidth="0" ss:Width="110"/>
		<Row>
			<Cell><Data ss:Type="String">idfilmu</Data></Cell>
			<Cell><Data ss:Type="String">tytul</Data></Cell>
			<Cell><Data ss:Type="String">rok_prod</Data></Cell>
			<Cell><Data ss:Type="String">idrezysera</Data></Cell>
			<Cell><Data ss:Type="String">idgatunku</Data></Cell>
			<Cell><Data ss:Type="String">id_kraju</Data></Cell>
			<Cell><Data ss:Type="String">czas_trwania</Data></Cell>
		</Row>
	</Table>
</Worksheet>
</Workbook>
